season,n,mur_r,mur_bias,mur_rmse,mur_mae,mur_slope,ct_r,ct_bias,ct_rmse,ct_mae,ct_slope
summer,22926,0.9278998578015916,0.38280720579255,0.9638567606298029,0.6509123266160691,0.8035205228781257,0.9410399017494786,0.3596692837826048,0.8855198127326341,0.5948706272354533,0.8184536133114424
winter,22790,0.9697313196013595,0.2061098727512067,0.6809346302611571,0.45947161035541906,0.9974218990709336,0.9743385945007419,0.2390958315050461,0.6370888641301117,0.4227118034225537,0.9878499866550505
transition,22890,0.974099865644928,0.21295814766273483,0.6995524580064312,0.47564534731323727,0.9895285254707044,0.9786756274920647,0.19597081695063345,0.6349792796831337,0.4223331585845347,0.9923177829230758
