temp_band,n,mur_bias,mur_rmse,ct_bias,ct_rmse
15-20℃,6974,0.05240866073989101,0.7904490998581694,0.1186145683969028,0.7652227700932771
20-24℃,22451,0.35497737294552584,0.8569195457967246,0.3357809006280344,0.766700408280308
24-27℃,17339,0.4333565372858873,0.9004308366665633,0.4300870292404406,0.8432596665765617
27-30℃,17670,0.17151686474250144,0.5695326456536054,0.16796225240520657,0.5169727096402028
30-35℃,3975,-0.2014432704402516,0.5065430871303022,-0.21896025157232704,0.45468017897994273
