source,n,r,r2,bias,rmse,mae,slope,intercept
MUR,68606,0.9793400463114403,0.9591069263092941,0.2674415357257383,0.792308042527377,0.5288414424394368,0.9844587515620216,0.6522842080737163
CoralTemp,68606,0.9827437780598339,0.9657853333153161,0.26499932950470806,0.7289654938488804,0.4801156167099087,0.9811752586252881,0.7311500255581862
